Iteration,Node_ID,Is_CH,Energy,Trust,X_Position,Y_Position,Cluster_ID
1,0,1,1.062,0.98,73.2,59.87,0
1,1,1,0.734,0.662,5.81,86.62,1
1,2,1,1.402,0.883,2.06,96.99,2
1,3,1,1.749,0.685,18.18,18.34,3
1,4,1,0.956,0.81,43.19,29.12,4
1,5,0,1.418,0.656,29.21,36.64,2
1,6,0,1.074,0.993,46.68,85.99,4
1,7,0,1.176,0.605,94.22,56.33,1
1,8,0,0.957,0.639,68.42,44.02,3
1,9,0,1.243,0.614,90.93,25.88,3
1,10,0,0.968,0.808,54.67,18.49,1
1,11,0,1.663,0.976,89.48,59.79,3
1,12,0,0.568,0.73,38.87,27.13,4
1,13,0,1.38,0.986,60.7,27.6,4
1,14,0,1.703,0.63,98.69,77.22,3
1,15,0,0.94,0.606,19.88,71.13,2
1,16,0,1.657,0.63,35.85,11.59,0
1,17,0,1.435,0.732,6.36,31.1,4
1,18,0,1.594,0.855,88.72,47.22,4
1,19,0,1.958,0.94,72.17,23.6,2
1,20,0,1.284,0.771,2.54,10.79,0
1,21,0,0.972,0.803,90.76,24.93,4
1,22,0,1.31,0.681,94.29,59.89,2
1,23,0,0.742,0.972,80.81,63.34,3
1,24,0,1.706,0.675,89.26,53.93,1
1,25,0,0.683,0.743,90.68,27.21,2
1,26,0,1.141,0.927,86.07,0.7,2
1,27,0,1.126,0.689,11.99,33.76,2
1,28,0,0.985,0.808,70.3,36.36,0
1,29,0,0.881,0.699,69.63,71.23,4
1,30,0,0.927,0.615,60.96,50.27,4
1,31,0,1.018,0.854,68.07,53.09,1
1,32,0,1.978,0.697,67.21,76.16,2
1,33,0,0.863,0.921,47.03,98.34,2
1,34,0,1.725,0.919,15.07,50.82,4
1,35,0,1.788,0.73,22.02,71.11,2
1,36,0,1.023,0.638,94.05,39.76,1
1,37,0,1.757,0.87,73.52,20.91,1
1,38,0,0.887,0.864,81.72,55.52,3
1,39,0,0.891,0.999,96.54,55.83,2
1,40,0,0.783,0.712,70.04,84.67,3
1,41,0,1.831,0.912,64.2,8.41,3
1,42,0,1.848,0.843,0.92,10.15,2
1,43,0,1.96,0.714,30.54,48.56,2
1,44,0,1.478,0.69,71.22,23.72,4
1,45,0,0.768,0.747,74.42,72.09,0
1,46,0,1.314,0.804,63.63,25.05,4
1,47,0,1.23,0.962,43.44,35.01,0
1,48,0,1.365,0.797,19.52,72.25,2
1,49,0,1.358,0.907,4.36,99.46,4
1,50,0,0.919,0.953,74.77,95.31,4
1,51,0,1.142,0.987,96.36,85.3,4
1,52,0,1.078,0.94,31.69,16.95,0
1,53,0,1.092,0.938,93.0,7.04,1
1,54,0,1.423,0.996,14.01,51.83,1
1,55,0,0.984,0.939,13.66,70.89,4
1,56,0,0.945,0.768,25.62,61.15,3
1,57,0,1.267,0.801,79.83,65.0,3
1,58,0,1.83,0.611,57.89,43.85,2
1,59,0,1.198,0.817,28.65,59.08,0
1,60,0,0.556,0.929,36.02,12.71,0
1,61,0,1.742,0.709,96.53,45.73,4
1,62,0,0.792,0.765,69.95,13.84,4
1,63,0,1.954,0.886,4.11,39.88,2
1,64,0,1.158,0.631,2.54,96.26,0
1,65,0,1.533,0.623,91.52,44.24,0
1,66,0,1.49,0.712,95.49,73.79,4
1,67,0,1.418,0.768,24.77,35.6,4
1,68,0,0.68,0.737,9.18,9.42,3
1,69,0,0.763,0.607,76.34,80.69,3
1,70,0,0.76,0.774,39.85,61.59,4
1,71,0,1.83,0.704,1.53,93.34,0
1,72,0,1.309,0.874,61.59,94.39,1
1,73,0,0.54,0.834,94.02,57.55,1
1,74,0,1.36,0.651,81.12,82.06,3
1,75,0,1.079,0.984,90.54,19.58,4
1,76,0,0.822,0.751,3.9,61.83,0
1,77,0,1.484,0.754,68.16,34.06,2
1,78,0,0.923,0.647,69.67,62.89,4
1,79,0,0.559,0.767,96.76,54.8,4
1,80,0,1.626,0.923,99.05,41.26,1
1,81,0,0.875,0.832,86.71,56.19,3
1,82,0,1.143,0.9,75.45,10.31,0
1,83,0,1.301,0.799,38.96,29.76,2
1,84,0,1.084,0.604,90.54,9.13,3
1,85,0,1.925,0.98,57.34,63.18,4
1,86,0,0.638,0.841,55.37,21.27,4
1,87,0,1.687,0.916,9.12,49.44,1
1,88,0,1.162,0.955,35.09,11.71,3
1,89,0,1.532,0.935,86.69,83.85,4
1,90,0,0.834,0.759,89.19,14.66,4
1,91,0,0.627,0.995,37.43,37.06,3
1,92,0,0.855,0.963,59.19,35.02,3
1,93,0,0.625,0.911,55.84,42.42,1
1,94,0,0.995,0.774,25.37,40.52,1
1,95,0,1.611,0.907,82.28,74.42,2
1,96,0,1.375,0.985,37.49,28.57,0
1,97,0,0.835,0.985,1.22,96.99,4
1,98,0,0.984,0.617,92.46,91.91,3
1,99,0,1.331,0.988,52.31,62.94,0
2,0,1,1.441,0.834,90.12,4.54,0
2,1,1,0.921,0.98,89.03,45.57,1
2,2,1,1.43,0.711,18.81,46.37,2
2,3,1,1.03,0.833,7.77,97.44,3
2,4,1,1.979,0.879,53.61,30.95,4
2,5,0,1.721,0.874,16.26,91.09,4
2,6,0,1.911,0.767,58.12,91.92,1
2,7,0,1.899,0.946,4.52,2.64,0
2,8,0,1.666,0.792,98.53,37.67,1
2,9,0,1.071,0.988,84.21,83.83,1
2,10,0,0.555,0.654,1.37,7.54,3
2,11,0,1.719,1.0,99.66,55.54,4
2,12,0,1.589,0.903,37.79,24.11,0
2,13,0,0.694,0.982,60.62,22.86,0
2,14,0,1.635,0.619,26.87,2.22,1
2,15,0,1.28,0.909,52.02,85.22,3
2,16,0,1.341,0.951,40.35,13.4,4
2,17,0,1.43,0.882,21.3,13.64,3
2,18,0,1.971,0.843,63.66,55.48,2
2,19,0,1.856,0.739,51.4,78.37,3
2,20,0,0.947,0.809,69.76,79.65,1
2,21,0,1.89,0.797,25.82,45.91,1
2,22,0,1.431,0.739,20.91,57.96,2
2,23,0,0.614,0.652,12.8,15.19,3
2,24,0,0.773,0.738,89.68,47.4,4
2,25,0,1.96,0.841,22.38,82.18,1
2,26,0,0.918,0.671,8.87,12.06,0
2,27,0,1.034,0.958,12.87,33.01,2
2,28,0,0.559,0.92,62.79,8.18,2
2,29,0,1.881,0.624,27.69,80.62,0
2,30,0,1.396,0.995,53.66,92.4,1
2,31,0,1.64,0.813,72.05,6.23,2
2,32,0,0.879,0.885,89.52,51.17,3
2,33,0,0.661,0.779,53.26,24.25,0
2,34,0,1.606,0.673,56.4,84.07,1
2,35,0,1.303,0.693,34.29,47.4,1
2,36,0,1.684,0.799,8.69,53.71,1
2,37,0,1.337,0.835,56.45,37.88,4
2,38,0,1.045,0.858,57.08,35.61,4
2,39,0,0.996,0.973,0.75,22.53,3
2,40,0,1.776,0.635,80.59,5.57,0
2,41,0,0.62,0.81,41.04,98.24,1
2,42,0,1.364,0.967,0.53,97.51,2
2,43,0,1.731,0.887,53.5,47.66,4
2,44,0,1.654,0.675,32.37,42.54,0
2,45,0,1.604,0.812,70.72,76.78,4
2,46,0,1.259,0.973,32.06,59.39,1
2,47,0,1.181,0.819,54.89,20.17,1
2,48,0,0.632,0.656,0.27,11.67,2
2,49,0,1.023,0.972,83.06,96.5,4
2,50,0,1.596,0.975,18.12,6.65,3
2,51,0,1.763,0.656,79.53,20.16,2
2,52,0,0.746,0.926,66.52,52.31,3
2,53,0,0.974,0.835,68.3,45.19,2
2,54,0,1.436,0.816,43.87,57.75,0
2,55,0,1.849,0.754,54.36,90.65,2
2,56,0,1.314,0.773,33.28,73.05,1
2,57,0,0.709,0.918,62.01,53.35,2
2,58,0,1.683,0.661,31.17,24.85,0
2,59,0,0.55,0.828,76.25,87.68,0
2,60,0,0.654,0.815,37.88,45.7,3
2,61,0,1.096,0.919,14.99,22.93,3
2,62,0,1.658,0.605,59.84,56.55,1
2,63,0,0.878,0.738,18.16,90.85,1
2,64,0,1.921,0.661,58.62,50.59,0
2,65,0,0.884,0.89,59.3,10.22,3
2,66,0,1.685,0.609,65.14,77.12,1
2,67,0,0.603,0.631,10.42,84.04,2
2,68,0,1.176,0.645,98.48,83.89,0
2,69,0,0.998,0.725,22.74,60.79,0
2,70,0,1.616,0.682,78.78,60.37,2
2,71,0,1.097,0.815,91.99,34.63,1
2,72,0,1.221,0.967,58.71,3.28,2
2,73,0,0.711,0.671,49.84,41.89,0
2,74,0,1.044,0.832,63.23,1.31,4
2,75,0,1.273,0.99,45.9,55.73,3
2,76,0,1.303,0.674,29.96,30.99,2
2,77,0,0.815,0.959,20.51,19.07,4
2,78,0,1.067,0.935,58.75,29.4,2
2,79,0,1.18,0.81,44.08,40.08,2
2,80,0,0.733,0.673,86.18,94.61,1
2,81,0,0.906,0.858,40.87,2.54,3
2,82,0,1.76,0.947,40.8,55.17,2
2,83,0,0.847,0.869,1.97,10.41,4
2,84,0,0.768,0.861,23.82,9.94,2
2,85,0,1.944,0.978,14.11,40.64,1
2,86,0,0.52,0.634,20.79,2.65,4
2,87,0,1.815,0.857,70.39,91.06,4
2,88,0,1.013,0.704,37.97,59.03,3
2,89,0,1.746,0.738,77.38,36.28,4
2,90,0,0.942,0.979,76.36,14.01,1
2,91,0,1.349,0.994,47.11,18.21,1
2,92,0,0.534,0.707,54.16,63.35,0
2,93,0,0.709,0.934,98.44,52.57,4
2,94,0,1.537,0.873,82.26,52.97,1
2,95,0,1.365,0.71,55.42,65.14,1
2,96,0,1.58,0.643,14.0,26.37,2
2,97,0,1.396,0.84,66.5,17.54,4
2,98,0,1.757,0.762,77.09,42.2,1
2,99,0,0.749,0.895,8.28,60.32,1
3,0,1,0.602,0.935,43.72,91.55,0
3,1,1,1.582,0.844,94.93,39.66,1
3,2,1,1.931,0.654,48.38,26.99,2
3,3,1,1.31,0.665,84.15,84.64,3
3,4,1,1.933,0.662,62.33,47.42,4
3,5,0,1.017,0.741,41.28,70.49,1
3,6,0,1.19,0.63,7.78,0.23,2
3,7,0,0.908,0.836,36.1,9.16,2
3,8,0,1.943,0.916,69.06,52.13,3
3,9,0,1.313,0.949,73.22,80.66,4
3,10,0,1.538,0.94,24.97,48.94,2
3,11,0,1.982,0.978,3.94,70.56,0
3,12,0,0.771,0.827,91.55,3.39,4
3,13,0,1.597,0.677,11.53,42.18,4
3,14,0,1.211,0.945,84.45,31.91,1
3,15,0,1.467,0.86,36.47,56.07,4
3,16,0,0.615,0.879,33.99,72.48,3
3,17,0,1.359,0.922,53.84,66.17,4
3,18,0,1.439,0.954,61.59,23.3,2
3,19,0,1.805,0.609,87.47,52.89,2
3,20,0,0.605,0.604,5.27,8.85,4
3,21,0,1.22,0.832,27.17,39.83,0
3,22,0,1.005,0.809,73.23,0.33,4
3,23,0,1.032,0.715,29.63,23.36,0
3,24,0,0.916,0.964,4.51,10.95,0
3,25,0,1.519,0.687,95.0,78.63,2
3,26,0,1.383,0.993,88.42,60.08,4
3,27,0,1.984,0.897,6.5,40.16,4
3,28,0,1.474,0.843,51.27,23.07,1
3,29,0,1.076,0.615,95.73,82.62,4
3,30,0,0.587,0.988,88.38,92.78,1
3,31,0,1.288,0.704,51.52,49.12,0
3,32,0,0.731,0.926,22.44,22.38,0
3,33,0,1.389,0.832,9.15,87.75,2
3,34,0,0.909,0.791,4.44,85.22,1
3,35,0,1.714,0.862,55.09,8.7,3
3,36,0,1.059,0.704,72.34,49.59,4
3,37,0,0.83,0.873,7.61,85.12,4
3,38,0,1.221,0.837,82.47,34.78,1
3,39,0,1.316,0.946,73.39,52.13,3
3,40,0,1.776,0.947,70.84,83.7,0
3,41,0,1.895,0.642,69.9,18.92,4
3,42,0,1.821,0.949,2.92,82.58,1
3,43,0,1.73,0.691,90.87,0.11,1
3,44,0,1.748,0.803,0.64,28.7,2
3,45,0,1.972,0.853,25.98,63.4,4
3,46,0,1.67,0.643,76.1,54.13,1
3,47,0,1.013,0.853,93.2,10.25,3
3,48,0,0.761,0.908,94.73,16.64,3
3,49,0,0.601,0.833,34.59,62.09,2
3,50,0,1.779,0.996,67.61,44.6,2
3,51,0,0.695,0.903,2.46,2.21,2
3,52,0,0.879,0.6,15.89,46.85,3
3,53,0,1.139,0.781,16.36,79.48,4
3,54,0,0.948,0.936,77.28,23.01,2
3,55,0,0.91,0.98,15.11,43.23,4
3,56,0,1.864,0.943,96.45,76.01,4
3,57,0,1.976,0.764,89.41,23.0,4
3,58,0,0.801,0.947,71.49,56.28,3
3,59,0,1.21,0.987,18.55,86.86,4
3,60,0,0.73,0.781,53.04,1.79,4
3,61,0,0.697,0.613,92.08,61.67,0
3,62,0,0.502,0.839,60.73,24.75,0
3,63,0,0.801,0.797,6.42,58.2,4
3,64,0,1.385,0.773,98.44,14.96,4
3,65,0,0.609,0.757,47.99,60.0,2
3,66,0,1.542,0.944,77.99,3.96,2
3,67,0,0.657,0.697,98.67,14.25,3
3,68,0,1.554,0.824,0.98,32.65,1
3,69,0,1.301,0.953,8.25,82.45,1
3,70,0,1.095,0.653,56.75,68.95,1
3,71,0,1.732,0.616,67.04,95.15,4
3,72,0,1.56,0.613,93.62,5.2,0
3,73,0,1.564,0.948,71.41,80.17,2
3,74,0,1.227,0.864,55.3,59.75,1
3,75,0,1.221,0.616,16.4,43.86,1
3,76,0,0.591,0.699,15.95,87.18,1
3,77,0,0.994,0.788,74.43,87.18,4
3,78,0,1.488,0.799,55.54,71.92,4
3,79,0,1.995,0.99,65.03,19.95,2
3,80,0,0.831,0.767,20.36,84.05,0
3,81,0,1.802,0.891,74.27,42.55,3
3,82,0,1.603,0.907,50.48,54.33,2
3,83,0,1.368,0.775,72.53,48.67,1
3,84,0,1.397,0.917,65.5,99.21,1
3,85,0,1.869,0.684,62.3,63.16,0
3,86,0,0.697,0.886,90.9,17.97,3
3,87,0,1.059,0.805,41.3,6.91,0
3,88,0,0.871,0.948,44.53,51.48,0
3,89,0,1.494,0.638,65.21,31.21,3
3,90,0,0.887,0.863,32.52,77.35,3
3,91,0,1.955,0.782,23.61,7.35,1
3,92,0,1.173,0.868,14.58,44.94,2
3,93,0,1.923,0.701,35.93,37.94,2
3,94,0,1.605,0.866,47.46,84.42,3
3,95,0,1.17,0.946,55.81,53.99,3
3,96,0,0.905,0.623,53.12,93.66,4
3,97,0,1.46,0.69,18.0,8.86,0
3,98,0,1.261,0.617,14.83,98.66,2
3,99,0,0.507,0.981,63.91,86.79,2
4,0,1,1.233,0.867,13.97,3.0,0
4,1,1,0.962,0.882,20.19,67.34,1
4,2,1,1.955,0.638,67.26,44.38,2
4,3,1,1.802,0.671,69.26,83.81,3
4,4,1,1.917,0.873,49.72,61.78,4
4,5,0,1.803,0.828,3.04,93.09,3
4,6,0,1.515,0.686,65.89,39.39,4
4,7,0,1.366,0.739,15.93,60.5,0
4,8,0,1.8,0.997,75.24,9.05,0
4,9,0,0.664,0.86,76.52,92.57,2
4,10,0,1.712,0.905,79.78,43.56,2
4,11,0,1.064,0.719,64.91,32.84,0
4,12,0,1.05,0.758,69.55,38.86,0
4,13,0,1.395,0.818,44.44,1.47,2
4,14,0,1.405,0.867,61.95,46.35,2
4,15,0,1.314,0.981,84.72,91.42,4
4,16,0,1.012,0.752,39.88,58.02,3
4,17,0,1.215,0.758,54.94,74.69,3
4,18,0,1.933,0.607,19.58,0.76,4
4,19,0,1.847,0.697,92.7,6.03,4
4,20,0,1.219,0.678,16.63,61.74,4
4,21,0,0.927,0.723,80.3,53.92,1
4,22,0,1.416,0.886,27.26,41.35,0
4,23,0,1.284,0.649,85.94,79.98,0
4,24,0,1.351,0.703,96.29,48.35,0
4,25,0,1.06,0.811,11.23,0.26,4
4,26,0,1.826,0.691,21.2,61.1,1
4,27,0,1.041,0.962,76.99,55.66,2
4,28,0,1.671,0.71,82.26,42.37,1
4,29,0,1.714,0.907,14.97,42.39,4
4,30,0,0.752,0.895,86.28,21.67,0
4,31,0,0.768,0.725,23.02,20.62,2
4,32,0,0.848,0.756,59.45,49.68,1
4,33,0,0.912,0.839,67.58,44.27,4
4,34,0,1.576,0.877,99.13,12.84,2
4,35,0,1.405,0.735,90.55,77.26,3
4,36,0,0.628,0.958,19.19,32.34,2
4,37,0,1.015,0.847,44.24,83.19,3
4,38,0,1.701,0.693,54.0,88.01,1
4,39,0,1.52,0.692,45.69,19.03,1
4,40,0,1.991,0.865,55.78,73.07,3
4,41,0,0.59,0.825,95.76,17.53,0
4,42,0,0.756,0.764,42.27,82.18,3
4,43,0,1.021,0.866,79.54,92.72,4
4,44,0,0.68,0.99,2.0,73.72,3
4,45,0,0.865,0.869,9.29,25.7,0
4,46,0,1.413,0.803,15.93,6.31,3
4,47,0,0.955,0.705,36.01,8.76,2
4,48,0,0.859,0.804,82.53,27.97,1
4,49,0,1.401,0.806,91.94,49.7,3
4,50,0,1.777,0.683,93.06,11.64,1
4,51,0,1.442,0.87,53.25,72.14,2
4,52,0,1.685,0.722,8.09,40.3,1
4,53,0,0.731,0.689,95.73,57.3,1
4,54,0,1.734,0.653,86.2,92.28,0
4,55,0,1.409,0.906,17.48,50.26,0
4,56,0,1.738,0.867,12.18,47.82,3
4,57,0,0.703,0.985,54.95,96.58,3
4,58,0,0.968,0.802,43.95,10.57,4
4,59,0,0.527,0.841,36.48,38.65,4
4,60,0,1.671,0.784,5.82,99.49,4
4,61,0,1.429,0.719,43.03,17.07,4
4,62,0,0.682,0.721,10.1,69.22,3
4,63,0,1.427,0.853,22.89,23.26,3
4,64,0,0.959,0.85,52.7,42.61,4
4,65,0,1.83,0.78,19.46,36.78,3
4,66,0,1.222,0.671,38.71,96.38,1
4,67,0,0.701,0.767,79.03,58.21,1
4,68,0,0.785,0.848,32.35,83.43,4
4,69,0,1.964,0.921,95.96,48.79,2
4,70,0,0.899,0.858,49.93,26.6,4
4,71,0,1.232,0.66,32.47,73.74,2
4,72,0,1.064,0.758,45.94,78.5,4
4,73,0,0.7,0.641,65.87,94.28,1
4,74,0,1.156,0.702,84.09,3.84,3
4,75,0,1.672,0.93,49.55,38.63,0
4,76,0,1.421,0.627,51.84,15.02,3
4,77,0,1.268,0.872,4.17,8.48,2
4,78,0,1.489,0.921,10.54,3.56,3
4,79,0,1.606,0.741,29.65,34.97,2
4,80,0,1.492,0.674,17.41,9.84,1
4,81,0,0.531,0.633,96.79,29.54,0
4,82,0,1.964,0.867,1.04,25.54,3
4,83,0,1.662,0.858,53.03,4.2,1
4,84,0,0.983,0.65,47.43,11.4,4
4,85,0,1.374,0.899,81.18,65.65,2
4,86,0,0.566,0.644,59.85,9.5,2
4,87,0,1.325,0.755,16.37,27.38,3
4,88,0,0.682,0.679,88.69,64.58,2
4,89,0,1.507,0.727,87.93,25.84,1
4,90,0,1.454,0.688,97.84,74.82,3
4,91,0,0.581,0.728,75.32,26.93,3
4,92,0,0.565,0.666,13.17,72.6,2
4,93,0,1.948,0.795,15.07,34.24,2
4,94,0,1.637,0.897,61.19,10.59,4
4,95,0,0.641,0.831,87.71,43.38,1
4,96,0,1.337,0.925,74.17,88.15,3
4,97,0,0.649,0.761,80.01,20.4,1
4,98,0,1.614,0.926,61.5,68.79,4
4,99,0,1.308,0.81,84.8,84.0,3
5,0,1,1.619,0.681,95.81,36.79,0
5,1,1,0.99,0.66,30.56,87.67,1
5,2,1,1.995,0.747,44.86,72.21,2
5,3,1,1.829,0.837,39.15,41.26,3
5,4,1,1.543,0.601,61.96,35.55,4
5,5,0,1.691,0.637,58.82,48.1,2
5,6,0,0.597,0.832,56.15,56.07,1
5,7,0,1.399,0.841,2.29,32.21,2
5,8,0,0.588,0.734,78.49,70.77,3
5,9,0,1.276,0.776,14.75,32.82,0
5,10,0,0.633,0.688,59.82,73.57,2
5,11,0,1.6,0.72,17.35,63.76,3
5,12,0,1.678,0.647,40.99,83.98,2
5,13,0,1.61,0.98,20.29,56.55,1
5,14,0,1.002,0.61,2.42,83.17,4
5,15,0,1.547,0.972,78.26,5.61,2
5,16,0,1.144,0.949,84.19,18.61,0
5,17,0,1.153,0.975,70.6,63.12,1
5,18,0,1.864,0.912,0.7,5.73,3
5,19,0,0.697,0.76,92.26,47.21,4
5,20,0,0.603,0.623,28.22,26.17,2
5,21,0,0.913,0.915,97.48,37.12,1
5,22,0,1.767,0.707,15.64,85.31,2
5,23,0,0.594,0.963,13.92,53.24,0
5,24,0,1.658,0.635,23.68,73.24,2
5,25,0,1.945,0.824,93.68,5.23,3
5,26,0,1.682,0.85,49.45,97.96,4
5,27,0,1.481,0.679,56.53,46.39,0
5,28,0,1.921,0.987,18.3,2.2,4
5,29,0,0.838,0.7,85.06,56.12,0
5,30,0,1.971,0.691,40.4,54.25,0
5,31,0,1.315,0.633,45.83,48.47,4
5,32,0,0.711,0.866,21.61,9.76,2
5,33,0,1.476,0.818,6.23,51.25,3
5,34,0,1.034,0.991,79.4,49.73,4
5,35,0,0.747,0.732,75.68,51.94,4
5,36,0,1.489,0.665,25.55,94.66,1
5,37,0,1.626,0.823,55.25,9.42,2
5,38,0,1.864,0.815,49.78,10.55,3
5,39,0,1.178,0.759,9.34,44.11,2
5,40,0,0.806,0.809,28.71,79.29,3
5,41,0,0.915,0.725,64.27,19.58,1
5,42,0,0.737,0.878,79.33,31.68,2
5,43,0,1.045,0.959,16.89,50.71,3
5,44,0,0.803,0.674,89.4,65.43,2
5,45,0,0.97,0.919,96.78,85.69,0
5,46,0,1.705,0.802,96.71,41.78,4
5,47,0,1.502,0.854,16.6,88.19,2
5,48,0,0.743,0.605,55.98,52.74,0
5,49,0,1.734,0.684,37.9,97.35,3
5,50,0,1.787,0.928,54.08,71.02,3
5,51,0,1.982,0.961,65.17,31.41,1
5,52,0,1.729,0.952,52.54,24.43,3
5,53,0,1.739,0.64,23.99,14.2,0
5,54,0,1.61,0.677,61.38,43.55,0
5,55,0,1.762,0.789,97.91,63.41,3
5,56,0,1.609,0.643,31.49,0.38,0
5,57,0,1.483,0.997,7.27,7.71,2
5,58,0,1.541,0.805,30.53,21.26,2
5,59,0,1.645,0.763,75.92,90.36,0
5,60,0,1.649,0.915,66.5,26.03,0
5,61,0,1.811,0.6,16.91,38.98,3
5,62,0,1.072,0.652,41.28,80.24,2
5,63,0,1.134,0.617,73.99,91.81,0
5,64,0,0.938,0.964,75.4,80.49,3
5,65,0,1.973,0.849,55.92,62.82,0
5,66,0,0.922,0.949,11.26,70.37,4
5,67,0,0.603,0.705,4.61,56.72,3
5,68,0,0.952,0.839,29.72,29.99,0
5,69,0,0.572,0.961,85.23,66.78,0
5,70,0,1.984,0.85,53.13,83.82,3
5,71,0,1.374,0.998,85.57,52.14,4
5,72,0,0.878,0.688,48.84,73.76,0
5,73,0,1.864,0.868,82.93,87.9,0
5,74,0,0.538,0.878,8.22,91.07,0
5,75,0,1.011,0.666,17.06,94.81,3
5,76,0,1.683,0.856,67.64,13.17,3
5,77,0,1.077,0.795,65.22,95.05,1
5,78,0,1.209,0.994,26.9,40.7,0
5,79,0,0.504,0.616,60.41,90.74,2
5,80,0,0.915,0.989,33.13,48.2,2
5,81,0,1.171,0.79,59.09,53.7,0
5,82,0,0.511,0.688,3.67,10.8,1
5,83,0,1.194,0.775,21.85,39.68,0
5,84,0,1.096,0.635,61.71,11.38,2
5,85,0,1.82,0.83,2.97,67.54,2
5,86,0,1.176,0.972,16.52,38.99,2
5,87,0,1.117,0.963,71.4,60.79,0
5,88,0,1.736,0.982,82.12,0.16,2
5,89,0,0.503,0.887,82.96,4.06,3
5,90,0,1.53,0.646,38.38,45.62,1
5,91,0,0.638,0.839,54.96,90.03,3
5,92,0,0.62,0.742,94.17,66.86,0
5,93,0,1.47,0.955,59.87,50.22,2
5,94,0,1.87,0.845,87.37,72.4,2
5,95,0,1.611,0.812,82.9,99.13,1
5,96,0,0.518,0.769,29.5,48.6,4
5,97,0,1.099,0.964,80.8,21.61,0
5,98,0,1.594,0.861,84.56,69.25,1
5,99,0,1.106,0.631,54.25,86.17,3
6,0,1,0.839,0.754,45.01,57.93,0
6,1,1,1.639,0.64,88.97,1.23,1
6,2,1,1.055,0.611,39.3,52.58,2
6,3,1,1.268,0.666,64.57,4.48,3
6,4,1,1.643,0.979,33.98,51.72,4
6,5,0,1.068,0.603,38.59,79.17,2
6,6,0,0.967,0.871,60.58,36.46,3
6,7,0,1.37,0.824,10.53,16.74,1
6,8,0,1.228,0.611,50.55,96.4,3
6,9,0,0.649,0.684,92.56,41.42,2
6,10,0,0.535,0.902,45.85,28.92,4
6,11,0,1.753,0.748,37.48,47.4,3
6,12,0,1.992,0.818,8.82,60.69,3
6,13,0,0.546,0.988,77.35,98.01,0
6,14,0,1.331,0.817,76.19,83.36,2
6,15,0,1.034,0.931,70.9,17.72,4
6,16,0,1.014,0.708,96.64,55.77,2
6,17,0,0.748,0.833,99.97,15.05,1
6,18,0,1.233,0.761,99.38,88.03,0
6,19,0,1.689,0.785,73.08,14.8,4
6,20,0,1.213,0.817,22.77,96.4,4
6,21,0,1.399,0.741,45.85,3.8,2
6,22,0,1.324,0.623,68.08,46.68,1
6,23,0,1.916,0.66,46.27,98.1,3
6,24,0,1.632,0.797,30.24,49.14,2
6,25,0,0.805,0.905,38.65,51.13,0
6,26,0,1.043,0.89,89.45,45.6,3
6,27,0,1.741,0.906,57.35,95.6,0
6,28,0,0.589,0.601,64.02,29.84,2
6,29,0,0.968,0.702,3.08,97.15,4
6,30,0,1.89,0.608,47.68,68.77,2
6,31,0,1.808,0.811,63.25,64.45,3
6,32,0,1.707,0.712,21.07,95.74,2
6,33,0,1.997,0.871,82.85,29.46,2
6,34,0,1.607,0.934,74.05,14.29,4
6,35,0,1.733,0.924,88.44,70.0,0
6,36,0,1.585,0.712,68.74,2.45,2
6,37,0,1.023,0.644,80.82,94.77,1
6,38,0,0.509,0.64,86.89,68.17,0
6,39,0,1.251,0.918,70.71,5.02,1
6,40,0,1.565,0.867,21.11,86.34,2
6,41,0,1.705,0.972,40.51,90.61,4
6,42,0,1.375,0.937,54.9,21.93,4
6,43,0,1.405,0.743,64.78,12.29,0
6,44,0,1.58,0.947,45.39,82.14,3
6,45,0,1.456,0.811,46.32,23.47,4
6,46,0,1.706,0.821,52.02,14.29,1
6,47,0,1.102,0.663,88.2,82.38,2
6,48,0,0.907,0.761,10.27,18.9,4
6,49,0,0.57,0.71,70.7,6.27,1
6,50,0,1.2,0.736,94.04,8.27,3
6,51,0,0.653,0.744,27.04,84.27,3
6,52,0,1.358,0.963,94.3,42.24,3
6,53,0,1.513,0.646,4.23,56.46,3
6,54,0,1.449,0.882,0.44,16.7,4
6,55,0,1.813,0.673,27.84,12.96,3
6,56,0,1.554,0.719,10.54,78.18,3
6,57,0,1.999,0.642,49.86,38.51,0
6,58,0,1.214,0.644,63.44,77.08,0
6,59,0,0.579,0.907,41.65,82.22,1
6,60,0,0.818,0.863,47.23,88.02,0
6,61,0,1.694,0.902,3.59,39.47,3
6,62,0,1.608,0.726,64.48,39.51,0
6,63,0,1.835,0.715,36.78,5.81,1
6,64,0,1.316,0.64,68.8,24.19,1
6,65,0,0.529,0.65,41.36,49.29,0
6,66,0,1.859,0.707,72.49,87.76,1
6,67,0,1.279,0.871,31.19,77.4,0
6,68,0,1.282,0.99,12.56,1.69,2
6,69,0,1.074,0.747,18.17,43.55,4
6,70,0,1.013,0.896,22.33,64.19,3
6,71,0,0.502,0.72,64.65,97.42,2
6,72,0,0.535,0.959,78.32,78.04,4
6,73,0,1.097,0.721,6.57,22.82,1
6,74,0,1.405,0.789,5.97,67.16,3
6,75,0,1.937,0.977,78.52,99.13,1
6,76,0,1.467,0.825,77.69,20.5,1
6,77,0,0.794,0.656,62.24,78.13,4
6,78,0,0.914,0.993,52.73,90.64,3
6,79,0,1.464,0.924,94.74,33.73,3
6,80,0,1.308,0.624,69.0,69.01,1
6,81,0,0.512,0.852,44.77,13.43,1
6,82,0,0.953,0.904,35.43,94.91,4
6,83,0,1.431,0.971,76.09,54.69,4
6,84,0,1.188,0.824,86.4,48.13,4
6,85,0,0.575,0.937,98.12,79.31,2
6,86,0,1.088,0.864,10.89,63.65,3
6,87,0,1.992,0.885,98.11,56.95,2
6,88,0,1.188,0.968,17.61,21.4,1
6,89,0,1.972,0.676,79.26,90.79,1
6,90,0,1.547,0.758,95.29,96.71,4
6,91,0,1.781,0.909,31.0,23.2,2
6,92,0,1.5,0.665,56.51,77.16,3
6,93,0,0.518,0.604,35.7,92.62,1
6,94,0,1.707,0.618,80.81,17.79,2
6,95,0,0.881,0.698,40.28,89.46,4
6,96,0,0.678,0.716,39.78,91.95,2
6,97,0,1.242,0.805,48.15,63.54,3
6,98,0,1.631,0.967,95.09,57.71,0
6,99,0,1.681,0.7,56.41,35.86,3
7,0,1,1.771,0.961,87.74,97.44,0
7,1,1,0.541,0.936,75.18,22.87,1
7,2,1,1.934,0.659,67.95,22.49,2
7,3,1,1.147,0.888,56.33,42.75,3
7,4,1,0.99,0.936,14.38,43.01,4
7,5,0,1.856,0.938,40.09,76.31,1
7,6,0,1.833,0.818,20.45,25.53,2
7,7,0,1.391,0.613,63.6,36.44,1
7,8,0,1.911,0.803,40.94,81.09,4
7,9,0,1.59,0.91,35.26,82.48,1
7,10,0,1.814,0.816,28.25,42.52,4
7,11,0,1.088,0.819,53.2,59.04,3
7,12,0,1.284,0.622,97.31,22.61,4
7,13,0,0.956,0.692,0.15,72.93,3
7,14,0,0.965,0.893,64.06,41.59,4
7,15,0,1.134,0.721,32.53,71.26,2
7,16,0,0.907,0.65,33.7,99.95,3
7,17,0,1.977,0.902,39.32,59.06,0
7,18,0,1.071,0.766,75.38,2.07,1
7,19,0,1.671,0.834,95.22,4.24,0
7,20,0,1.043,0.98,63.22,12.99,4
7,21,0,0.654,0.806,50.89,36.93,0
7,22,0,1.173,0.664,18.02,9.82,0
7,23,0,0.683,0.65,85.05,34.46,1
7,24,0,1.711,0.678,34.53,33.56,3
7,25,0,0.736,0.648,76.47,67.11,4
7,26,0,1.921,0.799,38.05,16.3,3
7,27,0,1.077,0.61,83.9,1.14,1
7,28,0,1.424,0.937,9.75,55.9,4
7,29,0,1.726,0.819,96.7,5.17,0
7,30,0,0.963,0.793,11.85,96.15,2
7,31,0,1.929,0.691,87.93,80.88,3
7,32,0,1.438,0.727,81.64,50.15,2
7,33,0,1.776,0.993,62.8,24.75,3
7,34,0,0.78,0.608,39.07,19.14,3
7,35,0,1.432,0.734,73.27,40.45,2
7,36,0,1.034,0.634,33.35,67.75,2
7,37,0,0.585,0.75,94.44,64.17,2
7,38,0,1.678,0.84,99.04,32.53,1
7,39,0,1.872,0.605,45.01,97.71,1
7,40,0,1.956,0.645,40.36,73.79,1
7,41,0,1.373,0.682,51.97,7.4,2
7,42,0,0.808,0.793,26.85,28.75,1
7,43,0,1.535,0.658,59.54,17.21,3
7,44,0,0.946,0.637,59.9,62.36,1
7,45,0,0.901,0.606,96.5,25.09,1
7,46,0,1.176,0.869,58.36,52.58,2
7,47,0,1.397,0.946,94.67,10.59,1
7,48,0,1.418,0.685,93.91,0.67,3
7,49,0,1.552,0.872,40.82,1.54,3
7,50,0,1.904,0.817,93.97,22.05,0
7,51,0,1.76,0.675,67.25,97.7,0
7,52,0,1.247,0.897,32.7,89.01,4
7,53,0,1.872,0.774,25.87,43.44,0
7,54,0,1.158,0.999,22.92,54.69,0
7,55,0,0.863,0.886,9.14,19.93,3
7,56,0,0.521,0.699,21.44,27.08,1
7,57,0,0.594,0.784,73.27,60.67,2
7,58,0,1.392,0.749,33.3,88.5,2
7,59,0,1.24,0.713,78.68,39.74,0
7,60,0,0.88,0.995,29.15,77.07,0
7,61,0,1.881,0.834,53.83,26.89,3
7,62,0,1.873,0.944,3.5,78.74,1
7,63,0,1.445,0.699,70.55,42.76,3
7,64,0,1.303,0.658,78.4,41.94,2
7,65,0,1.398,0.68,59.02,40.76,2
7,66,0,1.237,0.971,10.54,76.44,1
7,67,0,1.113,0.97,11.19,51.64,0
7,68,0,0.778,0.866,88.17,81.41,3
7,69,0,1.169,0.922,0.8,92.46,2
7,70,0,1.273,0.814,35.69,35.38,3
7,71,0,1.809,0.931,21.61,80.93,4
7,72,0,0.99,0.742,50.56,94.11,0
7,73,0,0.978,0.961,7.76,82.89,0
7,74,0,1.788,0.871,83.79,85.88,2
7,75,0,1.122,0.605,29.59,45.92,4
7,76,0,1.583,0.754,48.94,42.96,4
7,77,0,1.578,0.893,51.49,16.14,0
7,78,0,1.018,0.766,73.24,88.17,1
7,79,0,1.031,0.642,22.24,51.92,3
7,80,0,0.967,0.667,24.37,26.76,3
7,81,0,1.358,0.994,41.47,75.39,0
7,82,0,1.311,0.879,70.21,17.17,1
7,83,0,0.991,0.819,57.54,2.21,4
7,84,0,1.545,0.798,93.31,43.91,1
7,85,0,1.268,0.646,76.48,67.89,1
7,86,0,1.262,0.768,1.81,79.28,0
7,87,0,1.51,0.763,88.56,22.19,1
7,88,0,0.88,0.604,72.34,53.57,0
7,89,0,1.198,0.95,20.34,12.74,0
7,90,0,1.297,0.804,82.06,40.46,2
7,91,0,0.52,0.764,64.78,1.55,1
7,92,0,0.6,0.951,38.94,54.18,3
7,93,0,1.772,0.818,98.17,45.05,4
7,94,0,1.706,0.773,99.72,55.91,4
7,95,0,1.17,0.628,72.92,60.84,3
7,96,0,1.196,0.889,65.67,70.88,2
7,97,0,1.069,0.933,84.23,37.32,3
7,98,0,0.643,0.641,4.87,58.1,0
7,99,0,1.376,0.913,75.17,80.3,1
8,0,1,1.638,0.606,20.72,71.32,0
8,1,1,1.08,0.865,34.7,39.08,1
8,2,1,0.738,0.703,60.54,43.32,2
8,3,1,1.661,0.941,54.16,75.83,3
8,4,1,0.96,0.766,71.28,38.62,4
8,5,0,1.383,0.674,59.98,86.15,3
8,6,0,1.587,0.898,55.79,58.47,1
8,7,0,1.074,0.929,65.95,79.62,0
8,8,0,0.896,0.976,63.64,32.45,4
8,9,0,1.739,0.785,27.85,65.47,1
8,10,0,1.493,0.926,77.8,76.09,3
8,11,0,1.66,0.899,15.06,21.72,4
8,12,0,0.889,0.613,87.92,24.34,4
8,13,0,1.445,0.943,78.38,42.9,2
8,14,0,1.271,0.894,43.64,66.68,1
8,15,0,1.767,0.7,57.67,6.73,2
8,16,0,1.998,0.731,74.82,80.67,1
8,17,0,0.509,0.786,57.12,30.4,4
8,18,0,0.695,0.609,36.04,78.37,2
8,19,0,0.521,0.632,31.22,1.57,1
8,20,0,1.559,0.724,13.26,51.16,1
8,21,0,1.345,0.85,86.44,58.69,0
8,22,0,0.604,0.855,73.3,67.61,4
8,23,0,1.084,0.692,59.69,92.82,1
8,24,0,1.013,0.811,21.16,99.56,3
8,25,0,1.241,0.944,46.12,93.99,2
8,26,0,1.924,0.933,36.24,86.36,2
8,27,0,0.751,0.8,69.09,69.71,0
8,28,0,0.605,0.822,74.78,81.03,0
8,29,0,0.769,0.882,45.52,66.78,4
8,30,0,1.923,0.624,68.54,2.5,2
8,31,0,1.549,0.935,80.28,96.09,2
8,32,0,1.459,0.981,88.16,58.45,0
8,33,0,0.916,0.969,58.32,59.28,2
8,34,0,0.578,0.613,42.33,8.46,3
8,35,0,1.821,0.953,65.9,21.12,4
8,36,0,1.964,0.873,37.54,80.01,0
8,37,0,1.996,0.612,89.74,62.26,0
8,38,0,1.198,0.939,6.24,33.53,4
8,39,0,1.963,0.927,85.25,93.8,2
8,40,0,1.328,0.916,41.62,16.81,2
8,41,0,1.204,0.707,10.1,16.75,4
8,42,0,1.295,0.994,16.6,11.44,3
8,43,0,0.918,0.919,32.63,29.94,3
8,44,0,1.74,0.746,35.37,30.25,3
8,45,0,0.816,0.924,14.69,34.26,1
8,46,0,1.744,0.883,61.72,15.6,1
8,47,0,1.258,0.658,62.4,27.36,0
8,48,0,1.163,0.994,39.57,71.52,4
8,49,0,1.128,0.783,72.5,57.43,2
8,50,0,1.988,0.866,19.92,4.5,4
8,51,0,1.984,0.956,37.15,19.52,1
8,52,0,1.206,0.862,55.96,68.7,3
8,53,0,1.042,0.944,40.68,32.82,3
8,54,0,1.124,0.806,90.33,88.99,0
8,55,0,0.763,0.827,57.93,48.96,3
8,56,0,1.955,0.973,74.16,27.94,3
8,57,0,0.748,0.942,49.08,40.66,4
8,58,0,1.365,0.824,37.12,78.56,2
8,59,0,1.908,0.958,33.75,72.95,4
8,60,0,1.694,0.67,67.28,22.05,4
8,61,0,1.811,0.7,26.32,0.07,1
8,62,0,1.689,0.851,75.03,15.2,0
8,63,0,1.332,0.68,29.39,23.71,2
8,64,0,0.56,0.717,20.75,23.81,2
8,65,0,1.385,0.603,77.25,70.25,1
8,66,0,1.641,0.805,70.41,93.52,1
8,67,0,1.097,0.931,17.07,3.05,4
8,68,0,0.568,0.859,22.67,67.0,3
8,69,0,1.265,0.801,5.02,3.49,0
8,70,0,1.779,0.971,99.64,79.6,2
8,71,0,1.174,0.695,4.96,72.46,0
8,72,0,1.412,0.712,17.35,37.98,1
8,73,0,1.088,0.9,12.55,77.28,1
8,74,0,1.516,0.826,92.91,38.73,1
8,75,0,0.977,0.9,43.11,8.75,0
8,76,0,0.852,0.738,3.01,96.15,2
8,77,0,1.456,0.839,65.34,19.23,3
8,78,0,1.772,0.979,88.49,73.91,1
8,79,0,1.869,0.736,45.56,67.81,0
8,80,0,1.559,0.849,99.01,31.19,2
8,81,0,0.713,0.725,84.95,8.9,0
8,82,0,1.903,0.674,37.25,92.86,3
8,83,0,0.747,0.696,71.01,27.29,4
8,84,0,1.17,0.801,24.67,47.1,1
8,85,0,1.857,0.859,27.3,17.72,4
8,86,0,0.672,0.977,78.42,46.24,0
8,87,0,1.495,0.764,40.24,88.46,3
8,88,0,1.636,0.718,29.89,10.71,0
8,89,0,1.595,0.976,60.38,86.31,3
8,90,0,0.68,0.894,53.15,28.79,1
8,91,0,0.95,0.838,43.38,16.44,0
8,92,0,1.085,0.742,4.52,21.79,3
8,93,0,1.372,0.642,87.3,52.31,2
8,94,0,1.116,0.824,94.27,8.27,2
8,95,0,1.701,0.642,57.69,46.4,2
8,96,0,1.971,0.686,6.72,59.48,0
8,97,0,1.55,0.847,86.35,22.31,1
8,98,0,1.684,0.899,56.13,24.62,3
8,99,0,1.975,0.704,96.97,43.12,1
9,0,1,0.576,0.621,69.2,45.79,0
9,1,1,0.84,0.846,25.29,57.76,1
9,2,1,1.039,0.929,82.07,47.74,2
9,3,1,1.026,0.745,80.57,32.82,3
9,4,1,0.814,0.634,46.67,48.21,4
9,5,0,1.761,0.688,38.1,80.84,4
9,6,0,1.077,0.784,30.33,93.26,4
9,7,0,1.901,0.874,53.16,3.27,4
9,8,0,0.968,0.7,65.42,61.92,3
9,9,0,1.343,0.886,6.85,41.77,2
9,10,0,1.66,0.618,69.33,64.82,3
9,11,0,1.326,0.761,83.36,81.47,4
9,12,0,1.157,0.96,96.23,44.41,3
9,13,0,1.12,0.87,65.82,7.01,3
9,14,0,1.334,0.612,90.72,15.63,1
9,15,0,0.752,0.952,55.7,23.14,2
9,16,0,0.894,0.725,83.65,5.02,3
9,17,0,1.875,0.854,62.98,40.32,1
9,18,0,0.972,0.617,78.1,39.82,1
9,19,0,1.737,0.659,83.29,54.03,1
9,20,0,0.856,0.643,76.81,50.05,1
9,21,0,1.766,0.794,51.41,30.85,3
9,22,0,0.823,0.954,55.94,82.85,2
9,23,0,1.968,0.986,39.52,72.84,4
9,24,0,1.786,0.928,44.06,13.24,2
9,25,0,1.182,0.912,99.76,19.11,0
9,26,0,1.146,0.722,19.81,6.57,4
9,27,0,0.834,0.723,54.65,41.72,3
9,28,0,0.696,0.826,44.23,79.72,1
9,29,0,0.626,0.757,10.02,1.66,2
9,30,0,1.404,0.665,23.38,2.37,4
9,31,0,1.922,0.722,26.45,27.99,1
9,32,0,1.89,0.768,5.06,3.94,0
9,33,0,0.515,0.943,73.12,94.68,0
9,34,0,1.681,0.723,4.03,58.84,4
9,35,0,1.349,0.603,6.19,53.54,3
9,36,0,1.139,0.933,80.56,22.43,3
9,37,0,1.726,0.972,9.54,45.01,4
9,38,0,1.44,0.715,27.97,33.2,4
9,39,0,1.806,0.904,72.75,48.44,3
9,40,0,0.742,0.829,80.54,76.02,3
9,41,0,1.321,0.894,34.66,40.77,1
9,42,0,0.585,0.614,39.19,69.72,4
9,43,0,0.87,0.99,34.48,33.73,3
9,44,0,0.683,0.644,64.81,87.51,0
9,45,0,0.712,0.818,10.56,4.53,2
9,46,0,1.041,0.869,27.06,8.12,1
9,47,0,1.167,0.802,11.73,16.91,2
9,48,0,1.367,0.946,28.94,46.77,1
9,49,0,1.152,0.779,61.88,66.54,4
9,50,0,1.144,0.712,12.92,9.95,1
9,51,0,1.285,0.701,47.1,49.22,0
9,52,0,1.478,0.912,79.15,60.25,3
9,53,0,0.654,0.65,97.92,67.38,4
9,54,0,0.703,0.661,88.96,94.39,0
9,55,0,1.524,0.83,42.91,27.59,0
9,56,0,0.528,0.786,94.31,32.38,0
9,57,0,1.478,0.7,65.04,21.23,0
9,58,0,1.774,0.618,73.42,34.13,1
9,59,0,1.391,0.765,12.64,2.78,1
9,60,0,0.622,0.703,2.79,63.14,0
9,61,0,1.509,0.89,49.26,63.34,0
9,62,0,1.948,0.62,89.04,57.69,4
9,63,0,0.537,0.745,54.67,83.98,1
9,64,0,1.876,0.763,14.33,71.47,3
9,65,0,1.59,0.914,99.44,60.55,0
9,66,0,1.756,0.846,58.12,25.36,4
9,67,0,0.908,0.687,66.18,63.37,3
9,68,0,0.985,0.866,55.66,34.27,3
9,69,0,1.886,0.784,49.9,31.83,2
9,70,0,1.103,0.892,77.98,11.82,0
9,71,0,0.52,0.729,55.44,14.82,4
9,72,0,1.936,0.826,51.45,8.51,0
9,73,0,1.076,0.867,98.88,22.57,0
9,74,0,0.972,0.639,17.69,98.73,2
9,75,0,1.298,0.949,99.56,58.27,0
9,76,0,0.98,0.791,31.83,48.9,3
9,77,0,1.523,0.726,13.32,63.24,2
9,78,0,1.5,0.648,57.26,25.67,3
9,79,0,1.139,0.998,9.25,78.03,4
9,80,0,0.539,0.714,44.3,61.71,2
9,81,0,0.794,0.65,96.35,10.8,1
9,82,0,0.947,0.711,77.15,65.19,2
9,83,0,1.378,0.818,23.37,63.78,2
9,84,0,1.899,0.809,27.18,39.92,3
9,85,0,0.962,0.845,89.79,80.99,2
9,86,0,0.704,0.957,7.46,90.77,3
9,87,0,0.785,0.881,55.65,35.86,4
9,88,0,1.295,0.893,92.41,97.52,4
9,89,0,1.553,0.733,67.57,39.59,0
9,90,0,1.514,0.723,37.0,55.05,4
9,91,0,0.681,0.834,96.93,37.78,4
9,92,0,1.009,0.802,16.19,65.81,0
9,93,0,0.66,0.646,94.1,87.27,0
9,94,0,1.122,0.755,65.97,44.2,3
9,95,0,1.095,0.782,41.5,73.05,0
9,96,0,1.932,0.661,47.74,60.18,4
9,97,0,0.667,0.947,29.74,16.25,3
9,98,0,0.744,0.894,20.88,5.86,0
9,99,0,0.563,0.745,9.86,11.65,2
10,0,1,0.943,0.812,67.84,59.28,0
10,1,1,0.723,0.669,87.88,55.84,1
10,2,1,1.805,0.749,61.44,52.37,2
10,3,1,0.979,0.788,50.25,20.08,3
10,4,1,0.973,0.917,91.58,35.98,4
10,5,0,0.96,0.678,67.85,32.31,1
10,6,0,1.956,0.671,72.21,4.03,2
10,7,0,1.274,0.832,93.59,67.23,0
10,8,0,0.724,0.914,61.79,34.18,4
10,9,0,0.519,0.691,56.69,35.15,1
10,10,0,1.466,0.752,5.46,59.95,2
10,11,0,1.189,0.901,90.55,83.54,1
10,12,0,1.162,0.68,26.45,50.35,1
10,13,0,1.739,0.853,78.44,59.86,2
10,14,0,1.937,0.816,60.51,22.05,0
10,15,0,1.357,0.674,5.96,60.44,1
10,16,0,0.925,0.935,54.3,37.38,4
10,17,0,0.519,0.657,74.23,24.42,2
10,18,0,0.577,0.759,51.17,48.33,1
10,19,0,0.718,0.802,6.2,7.12,4
10,20,0,1.992,0.681,25.81,11.35,1
10,21,0,0.778,0.817,64.56,4.56,2
10,22,0,1.384,0.782,45.16,93.69,0
10,23,0,0.69,0.649,51.86,24.58,0
10,24,0,0.589,0.876,72.88,4.7,4
10,25,0,0.637,0.714,67.24,16.99,3
10,26,0,1.463,0.764,48.96,41.54,3
10,27,0,1.369,0.609,98.85,4.14,1
10,28,0,1.399,0.891,31.54,39.31,4
10,29,0,0.754,0.62,61.75,20.78,1
10,30,0,1.32,0.79,92.24,7.27,1
10,31,0,1.442,0.859,84.38,32.49,1
10,32,0,1.811,0.932,22.47,39.93,2
10,33,0,1.61,0.845,1.67,19.48,3
10,34,0,1.596,0.768,57.84,83.26,2
10,35,0,0.602,0.672,95.72,89.01,2
10,36,0,1.189,0.87,61.86,56.86,3
10,37,0,1.513,0.758,13.3,15.87,4
10,38,0,1.151,0.651,40.91,35.44,2
10,39,0,1.504,0.794,41.84,35.78,2
10,40,0,1.025,0.698,65.59,19.88,2
10,41,0,1.355,0.684,74.23,2.52,1
10,42,0,1.21,0.617,69.93,33.06,4
10,43,0,1.351,0.918,73.5,61.01,4
10,44,0,1.161,0.727,91.2,6.09,3
10,45,0,1.271,0.715,0.65,49.62,0
10,46,0,0.864,0.637,31.87,10.47,2
10,47,0,0.762,0.789,9.14,62.57,0
10,48,0,1.042,0.65,25.36,64.21,0
10,49,0,0.534,0.945,57.71,89.07,1
10,50,0,1.44,0.923,61.16,29.57,0
10,51,0,1.358,0.672,26.88,19.86,1
10,52,0,0.96,0.822,58.8,42.65,0
10,53,0,0.622,0.635,17.18,51.81,3
10,54,0,1.368,0.606,36.04,60.48,3
10,55,0,1.474,0.868,79.87,93.28,2
10,56,0,1.336,0.883,66.26,80.77,1
10,57,0,1.724,0.608,73.59,20.84,0
10,58,0,1.82,0.62,23.11,89.74,4
10,59,0,0.501,0.961,2.46,20.95,4
10,60,0,1.512,0.696,75.8,76.0,1
10,61,0,1.521,0.973,62.04,80.38,4
10,62,0,1.902,0.721,78.19,76.59,0
10,63,0,0.728,0.731,5.45,18.25,0
10,64,0,1.594,0.83,20.68,50.45,1
10,65,0,0.721,0.683,31.33,63.61,2
10,66,0,0.51,0.809,92.15,81.21,0
10,67,0,1.055,0.901,89.7,84.61,0
10,68,0,1.487,0.857,2.56,78.8,2
10,69,0,0.873,0.727,80.88,87.55,4
10,70,0,1.788,0.943,76.47,14.67,1
10,71,0,1.918,0.873,33.16,50.06,2
10,72,0,1.266,0.648,31.21,80.24,4
10,73,0,0.706,0.981,32.88,66.23,2
10,74,0,1.718,0.978,31.29,85.85,0
10,75,0,1.98,0.839,8.2,64.68,2
10,76,0,1.81,0.668,5.36,71.75,2
10,77,0,0.827,0.635,19.45,82.06,1
10,78,0,1.323,0.676,72.04,51.11,0
10,79,0,1.191,0.931,82.96,70.94,2
10,80,0,1.758,0.868,69.7,36.3,0
10,81,0,0.956,0.656,61.2,30.63,1
10,82,0,0.571,0.985,67.92,63.14,2
10,83,0,1.444,0.945,13.23,97.76,4
10,84,0,0.709,0.604,54.43,97.58,3
10,85,0,1.291,0.669,16.75,46.26,4
10,86,0,1.124,0.625,39.68,47.4,4
10,87,0,1.495,0.838,41.51,42.22,4
10,88,0,1.726,0.958,85.32,67.35,2
10,89,0,1.187,0.703,75.21,51.29,1
10,90,0,1.62,0.725,84.57,25.96,2
10,91,0,0.582,0.682,41.87,21.96,0
10,92,0,1.331,0.805,28.14,82.22,4
10,93,0,0.681,0.627,72.4,92.88,0
10,94,0,1.558,0.723,24.22,7.3,2
10,95,0,1.432,0.887,11.06,3.56,1
10,96,0,0.581,0.676,3.9,39.18,1
10,97,0,1.178,0.896,68.65,81.51,0
10,98,0,1.792,0.946,0.99,77.8,1
10,99,0,0.557,0.923,32.07,56.24,1
